{
  "baseline": {
    "roc_auc": 0.7773845994555055,
    "pr_auc": 0.8101131641708703,
    "precision": 0.7749901999215993,
    "recall": 0.6803165863730213,
    "f1": 0.7245739417262232,
    "brier_score": 0.22443403529488218,
    "confusion_matrix": {
      "tn": 1573,
      "fp": 574,
      "fn": 929,
      "tp": 1977
    },
    "lift_at_10pct": 1.5773056426801304,
    "revenue_at_risk_total": 85639.04057318234
  },
  "xgboost_default": {
    "roc_auc": 0.7461156767024909,
    "pr_auc": 0.7581763783916106,
    "precision": 0.722850291195615,
    "recall": 0.7260839642119752,
    "f1": 0.7244635193133048,
    "brier_score": 0.20378799639444373,
    "confusion_matrix": {
      "tn": 1338,
      "fp": 809,
      "fn": 796,
      "tp": 2110
    },
    "lift_at_10pct": 1.4501590004597276,
    "revenue_at_risk_total": 164034.07829101366
  },
  "xgboost_tuned": {
    "roc_auc": 0.7840856381493599,
    "pr_auc": 0.7994817317037266,
    "precision": 0.7211764705882353,
    "recall": 0.8437715072264281,
    "f1": 0.7776720583571202,
    "brier_score": 0.1838871968902162,
    "confusion_matrix": {
      "tn": 1199,
      "fp": 948,
      "fn": 454,
      "tp": 2452
    },
    "lift_at_10pct": 1.4810865620809066,
    "revenue_at_risk_total": 239828.7096500984
  }
}